City,Cloudiness,Country,Date,Humidity,Lat,Lng,Max Temp,Wind Speed
Barrow,32,AR,1547396426,98,-38.31,-60.23,75.03,0.87
Saskylakh,0,RU,1547396423,0,71.97,114.09,-59.21,5.39
Punta Arenas,75,CL,1547395200,62,-53.16,-70.91,53.6,26.4
Shache,24,CN,1547396986,67,38.42,77.24,16.89,3.89
Miyako,75,JP,1547395200,75,33.63,130.94,46.4,3.36
Carnarvon,0,ZA,1547396430,25,-30.97,22.13,83.58,12.95
Chokurdakh,68,RU,1547396450,55,70.62,147.9,-18.48,4.83
Busselton,0,AU,1547396422,100,-33.64,115.35,64.23,20.56
Badvel,0,IN,1547396993,68,14.74,79.07,68.87,5.5
Ushuaia,40,AR,1547395200,61,-54.81,-68.31,53.6,41.38
Atuona,76,PF,1547396451,100,-9.8,-139.03,79.8,18.14
Severo-Kurilsk,12,RU,1547396495,100,50.68,156.12,24.99,4.0
Albany,40,US,1547395020,48,42.65,-73.75,17.06,9.17
Lake Cowichan,40,CA,1547395200,100,48.82,-124.05,42.8,3.36
Beatrice,90,US,1547396100,91,40.27,-96.75,30.2,4.7
Bolshoy Kamen,40,RU,1547395200,85,43.12,132.36,10.4,2.24
Bredasdorp,24,ZA,1547396425,83,-34.53,20.04,69.81,24.25
Bluff,0,AU,1547396431,61,-23.58,149.07,75.12,12.33
Jamestown,0,AU,1547396184,74,-33.21,138.6,60.54,4.56
Aklavik,5,CA,1547395200,67,68.22,-135.01,-23.81,6.93
Bambous Virieux,20,MU,1547395200,65,-20.34,57.76,82.4,9.17
Bakchar,76,RU,1547397010,76,57.02,82.07,7.7,8.75
Rome,0,IT,1547394600,71,41.89,12.48,57.2,4.7
Lethem,12,GY,1547397013,34,3.38,-59.8,94.82,16.69
Kirovskiy,12,RU,1547397014,57,45.09,133.51,-6.03,2.26
Cape Town,40,ZA,1547395200,56,-33.93,18.42,73.4,11.41
Vangaindrano,80,MG,1547397017,99,-23.35,47.6,72.59,2.15
Tuktoyaktuk,5,CA,1547391600,66,69.44,-133.03,-31.01,12.75
Mogadishu,56,SO,1547397020,97,2.04,45.34,79.75,23.06
Rikitea,88,PF,1547396421,100,-23.12,-134.97,78.77,10.94
Fredericksburg,90,US,1547396100,100,38.3,-77.46,32.18,6.93
Lac du Bonnet,44,CA,1547396792,87,50.25,-96.06,17.39,11.77
Mar del Plata,0,AR,1547396276,31,-46.43,-67.52,71.39,4.5
Victoria,75,BN,1547395200,83,5.28,115.24,82.4,4.7
Lebu,0,ET,1547391600,13,8.96,38.73,68.0,13.87
Nikolskoye,75,RU,1547395200,85,59.7,30.79,24.8,6.71
Tulsipur,0,IN,1547397030,83,27.53,82.41,50.81,6.51
Moose Factory,75,CA,1547395200,77,51.26,-80.61,1.4,13.87
Gawler,0,AU,1547395200,55,-34.6,138.75,64.4,3.94
Kokkola,90,FI,1547394600,85,63.84,23.13,21.2,10.29
Krasnozerskoye,0,RU,1547397036,81,53.98,79.24,4.19,13.89
Grand Gaube,20,MU,1547395200,65,-20.01,57.66,82.4,9.17
Seoul,20,KR,1547395200,85,37.57,126.98,26.6,1.12
Puerto Carreno,75,CO,1547391600,58,6.19,-67.49,86.0,9.17
Hermanus,8,ZA,1547397041,58,-34.42,19.24,67.19,6.4
Naze,75,NG,1547391600,47,5.43,7.07,95.0,10.29
Monrovia,20,LR,1547395200,59,6.33,-10.8,89.6,9.17
South Sioux City,90,US,1547396100,92,42.47,-96.41,30.2,4.7
Gardelegen,90,DE,1547394600,93,52.53,11.39,46.4,18.34
Cherskiy,12,RU,1547397048,48,68.75,161.3,-29.2,3.04
Saint-Philippe,90,CA,1547395200,72,45.36,-73.48,10.4,2.24
Lensk,32,RU,1547397050,23,60.71,114.91,-15.61,9.31
Atambua,44,ID,1547396464,100,-9.11,124.89,75.3,4.5
Bethel,90,US,1547394960,87,60.79,-161.76,15.08,24.16
Hobart,0,AU,1547395200,82,-42.88,147.33,59.0,8.05
Kodiak,90,US,1547394900,88,39.95,-94.76,32.0,8.05
Campbell River,75,CA,1547395200,100,50.02,-125.24,41.0,2.24
Guerrero Negro,88,MX,1547396864,98,27.97,-114.04,54.42,3.0
Avarua,40,CK,1547395200,88,-21.21,-159.78,77.0,8.05
Constitucion,5,MX,1547394240,80,23.99,-104.67,50.0,3.36
Port Alfred,0,ZA,1547397062,79,-33.59,26.89,70.48,12.77
Quatre Cocos,20,MU,1547395200,65,-20.21,57.76,82.4,9.17
Atasu,24,KZ,1547397065,71,48.68,71.64,12.25,12.55
Upata,0,VE,1547397066,49,8.02,-62.41,85.06,8.41
Hilo,90,US,1547394780,78,19.71,-155.08,68.0,5.82
Butaritari,64,KI,1547397069,100,3.07,172.79,81.86,15.12
Kruisfontein,44,ZA,1547397070,84,-34.0,24.73,68.0,14.45
Beringovskiy,32,RU,1547396508,95,63.05,179.32,-8.04,26.75
Carahue,0,CL,1547395200,56,-38.71,-73.16,71.6,3.36
Codrington,92,AU,1547395680,93,-28.95,153.24,68.0,3.27
Peniche,0,PT,1547393400,58,39.36,-9.38,59.0,4.7
Mahebourg,20,MU,1547395200,65,-20.41,57.7,82.4,9.17
Saint-Joseph,0,FR,1547395200,76,43.56,6.97,55.4,2.24
Thessalon,1,CA,1547394960,83,46.26,-83.55,10.76,5.73
Manta,44,RO,1547397082,76,45.1,24.1,16.93,2.71
Erzin,75,TR,1547394600,61,36.95,36.2,48.2,13.87
East London,20,ZA,1547395200,60,-33.02,27.91,75.2,11.41
Antofagasta,20,CL,1547395200,60,-23.65,-70.4,69.8,13.87
Shar,8,NG,1547397087,58,7.3,8.73,84.56,2.82
Nara,8,JP,1547395200,75,34.68,135.8,44.6,10.29
Upernavik,36,GL,1547397090,100,72.79,-56.15,-11.47,8.19
Arlit,0,NE,1547397091,42,18.74,7.39,64.0,4.61
Hithadhoo,24,MV,1547396837,100,-0.6,73.08,83.85,8.63
Zamora,0,ES,1547395200,70,41.51,-5.74,42.8,8.05
Cabedelo,75,BR,1547395200,62,-6.97,-34.84,86.0,12.75
Gat,0,SN,1547395200,24,14.69,-16.54,100.4,9.17
Kapaa,90,US,1547394960,81,22.08,-159.32,69.98,5.82
Thompson,90,CA,1547395200,92,55.74,-97.86,17.6,10.29
San Quintin,0,PH,1547397101,81,17.54,120.52,63.32,3.6
Hirara,8,JP,1547396927,100,24.8,125.28,69.14,19.1
Katsuura,20,JP,1547395200,80,33.93,134.5,39.2,9.17
Kirkwall,75,GB,1547394600,93,58.98,-2.96,42.8,8.05
Havelock,90,US,1547395380,100,34.88,-76.9,62.06,12.75
Lacombe,90,CA,1547395200,85,52.47,-113.73,14.0,2.24
Meulaboh,48,ID,1547397110,100,4.14,96.13,77.18,3.71
Abalak,0,NE,1547397111,23,15.46,6.28,74.12,7.07
Mehamn,90,NO,1547394600,92,71.03,27.85,26.6,6.93
Port Augusta,0,AU,1547395200,72,-32.49,137.76,68.0,8.05
Sidi Ali,0,DZ,1547397115,88,36.1,0.42,42.31,2.48
Port Hawkesbury,90,CA,1547395680,78,45.62,-61.36,12.2,16.11
Clarksdale,90,US,1547396100,87,34.2,-90.57,42.8,11.41
Sao Filipe,0,CV,1547396847,90,14.9,-24.5,74.45,11.88
Lata,0,IN,1547397120,100,30.78,78.62,26.65,2.04
Santa Cruz del Sur,0,CU,1547397122,68,20.71,-78.0,84.47,9.19
Saldanha,0,PT,1547397123,94,41.42,-6.55,35.56,2.71
Clyde River,20,CA,1547395200,66,70.47,-68.59,-32.81,3.36
Kahului,75,US,1547395200,81,20.89,-156.47,71.96,3.36
Torbay,40,CA,1547395200,73,47.66,-52.73,26.6,28.86
The Valley,40,AI,1547395200,61,18.22,-63.06,80.6,16.11
Tasiilaq,80,GL,1547394600,78,65.61,-37.64,17.6,6.93
Matara,75,PE,1547395200,50,-13.74,-72.9,53.6,8.05
Mataura,68,NZ,1547396854,93,-46.19,168.86,49.56,4.83
Khatanga,0,RU,1547396868,0,71.98,102.47,-40.49,5.39
Ixtapa,5,MX,1547394420,78,20.71,-105.21,75.2,4.7
Biak,76,ID,1547397055,100,-0.91,122.88,77.68,2.82
Denpasar,20,ID,1547395200,83,-8.65,115.22,82.4,8.05
Hachinohe,0,JP,1547397139,60,40.47,141.48,12.47,3.83
Faanui,68,PF,1547397141,100,-16.48,-151.75,81.32,14.34
Inhambane,20,MZ,1547391600,70,-23.87,35.38,89.6,9.17
Ribeira Grande,75,PT,1547393400,72,38.52,-28.7,62.6,14.99
Ahipara,0,NZ,1547397145,98,-35.17,173.16,61.97,11.21
Airai,24,TL,1547396893,90,-8.93,125.41,70.89,1.54
Shadegan,90,IR,1547395200,67,30.65,48.67,62.6,6.93
Geraldton,90,CA,1547395200,78,49.72,-86.95,17.6,9.17
Maroantsetra,68,MG,1547397150,100,-15.43,49.74,76.28,2.93
Maragogi,24,BR,1547396910,81,-9.01,-35.22,84.66,8.08
Ambilobe,36,MG,1547397153,97,-13.19,49.05,71.87,2.37
Mountain Home,90,US,1547396580,100,43.13,-115.69,26.96,3.36
Ostrovnoy,68,RU,1547396858,95,68.05,39.51,16.89,9.53
Chuy,92,UY,1547397157,100,-33.69,-53.46,71.87,15.01
Tocopilla,0,CL,1547397158,75,-22.09,-70.2,69.8,7.4
Kloulklubed,75,PW,1547394600,88,7.04,134.26,77.0,5.82
Yellowknife,20,CA,1547395200,66,62.45,-114.38,-31.01,6.93
Saint-Pierre,90,FR,1547395200,81,48.95,4.24,51.8,25.28
Wonthaggi,0,AU,1547397164,69,-38.6,145.59,70.97,5.73
Talnakh,80,RU,1547397165,68,69.49,88.39,-9.67,25.75
Leningradskiy,20,RU,1547396890,100,69.38,178.42,-19.07,7.4
Asosa,8,ET,1547397168,41,10.07,34.53,64.4,3.38
Agadez,0,NE,1547395200,10,16.97,7.99,80.6,13.87
Cidreira,0,BR,1547396922,90,-30.17,-50.22,83.45,10.38
Along,0,IN,1547397172,51,28.17,94.8,47.21,2.59
Colinas,76,BR,1547397173,72,-6.03,-44.25,82.76,2.59
Georgetown,40,GY,1547395200,66,6.8,-58.16,86.0,11.41
New Norfolk,0,AU,1547395200,82,-42.78,147.06,59.0,8.05
Novo Aripuana,92,BR,1547397178,100,-5.12,-60.38,72.5,2.93
Saint George,0,GR,1547396400,74,39.45,22.34,35.6,6.93
Tiksi,0,RU,1547397181,0,71.64,128.87,-37.66,2.15
Mantua,0,IT,1547396400,69,45.16,10.79,42.8,2.24
Santa Cruz,1,US,1547395200,100,36.97,-122.03,46.94,4.7
Ayni,32,TJ,1547397186,47,39.39,68.54,12.92,3.94
Kayerkan,92,RU,1547396898,69,69.35,87.76,-9.89,27.38
Bendigo,0,AU,1547397027,83,-36.76,144.28,63.77,3.04
Flinders,92,AU,1547397190,98,-34.58,150.85,69.08,1.36
Laguna,5,MX,1547394300,72,27.52,-110.01,59.0,2.48
Komarikhinskiy,75,RU,1547395200,85,58.1,57.12,21.2,17.9
Pandan,56,PH,1547397195,100,11.72,122.09,79.34,20.83
Vaini,0,IN,1547397196,77,15.34,74.49,63.32,3.38
Dikson,80,RU,1547397198,92,73.51,80.55,1.0,31.12
Puerto Ayora,75,EC,1547395200,78,-0.74,-90.35,78.8,12.75
Atar,0,MR,1547391600,10,20.52,-13.05,84.2,9.17
Pangnirtung,48,CA,1547397202,36,66.15,-65.72,-24.34,4.05
Kattivakkam,56,IN,1547395200,78,13.22,80.32,75.2,5.82
Portland,20,US,1547394960,84,45.52,-122.67,37.04,3.94
Pueblo Nuevo,0,MX,1547397206,39,23.99,-106.96,81.14,2.93
Havre-Saint-Pierre,20,CA,1547395200,61,50.23,-63.6,12.2,11.41
Lovington,75,US,1547394600,86,32.94,-103.35,33.8,12.75
Iqaluit,75,CA,1547395200,68,63.75,-68.52,-18.41,11.1
Mtwara,75,TZ,1547395200,94,-10.28,40.18,77.0,5.82
Svetlaya,32,RU,1547397213,100,46.54,138.33,18.5,4.05
Liverpool,75,GB,1547396400,81,53.41,-2.98,51.8,21.92
Castro,0,CL,1547395200,63,-42.48,-73.76,60.8,6.93
Longmont,1,US,1547396100,77,40.17,-105.1,30.2,1.7
Coquimbo,0,CL,1547395200,60,-29.95,-71.34,69.8,12.75
Itoman,75,JP,1547395200,55,26.12,127.67,64.4,5.82
Kaseda,0,JP,1547397222,100,31.42,130.32,54.28,8.97
Qaanaaq,0,GL,1547397223,78,77.48,-69.36,-25.96,9.98
Alofi,0,NU,1547395200,94,-19.06,-169.92,71.6,3.36
Angoche,68,MZ,1547397226,100,-16.23,39.91,82.4,18.48
Abeche,8,TD,1547396962,16,13.83,20.83,96.09,4.5
Jeremie,36,HT,1547397228,100,18.65,-74.12,76.33,2.93
Nieves,0,MX,1547397230,46,24.0,-103.02,63.68,10.65
La Union,56,GT,1547397231,75,14.97,-89.29,70.43,2.59
Bowen,75,AU,1547395200,94,-20.01,148.25,75.2,10.29
Arraial do Cabo,0,BR,1547395200,62,-22.97,-42.02,89.6,18.34
Sakaiminato,20,JP,1547395200,74,35.55,133.23,35.6,1.12
Kinablangan,92,PH,1547397237,100,7.69,126.55,79.66,9.75
Awjilah,12,LY,1547397238,58,29.14,21.3,54.5,11.99
Healdsburg,90,US,1547395620,100,38.61,-122.87,51.98,3.36
Willowmore,0,ZA,1547397241,59,-33.3,23.49,65.08,2.71
Bathsheba,20,BB,1547395200,58,13.22,-59.52,82.4,17.22
Palanit,44,PH,1547397243,93,12.32,124.34,78.13,15.57
Bera,0,BD,1547397245,91,24.08,89.61,58.01,3.15
Hofn,90,IS,1547395200,63,64.25,-15.21,28.4,12.75
Inuvik,5,CA,1547395200,67,68.36,-133.71,-23.81,6.93
Voh,12,NC,1547397249,100,-20.95,164.69,77.09,18.7
Ponta do Sol,12,BR,1547397250,76,-20.63,-46.0,83.8,4.5
Brattvag,75,NO,1547394600,100,62.6,6.44,32.0,19.46
Royan,90,FR,1547395200,100,45.62,-1.03,50.0,13.87
Kaeo,8,NZ,1547397254,92,-35.1,173.78,58.06,7.4
Vila Velha,20,BR,1547395200,74,-3.71,-38.6,84.2,8.05
Svelgen,40,NO,1547394600,64,61.77,5.3,33.8,28.86
Sitka,64,US,1547397258,91,37.17,-99.65,31.33,4.94
Elat,20,CM,1547397259,78,2.91,11.16,76.15,2.93
La Ronge,75,CA,1547395200,92,55.1,-105.3,12.2,3.36
Churachandpur,0,IN,1547397262,86,24.33,93.67,48.2,1.14
Esqueda,12,MX,1547397263,45,30.72,-109.59,57.02,5.73
Numan,8,NG,1547397265,36,9.46,12.04,82.85,6.4
Maldonado,90,UY,1547395200,73,-34.91,-54.96,75.2,11.41
Port Lincoln,0,AU,1547397267,96,-34.72,135.86,63.91,11.21
Colombo,20,LK,1547392200,78,6.93,79.85,78.8,12.75
Stavern,0,NO,1547394600,74,59.0,10.03,33.8,12.75
Moindou,75,NC,1547395200,88,-21.69,165.68,73.4,13.87
Provideniya,8,RU,1547397273,100,64.42,-173.23,-5.17,22.5
Zambezi,92,ZM,1547397274,94,-13.55,23.12,71.38,5.06
Ukiah,90,US,1547394960,71,39.15,-123.21,51.98,6.51
Kabare,56,RW,1547397277,74,-1.65,29.38,66.02,4.94
Kerema,44,PG,1547397279,95,-7.96,145.78,71.06,2.59
Zhanakorgan,56,KZ,1547397047,77,43.91,67.25,33.44,12.88
Brae,24,GB,1547396400,64,60.4,-1.35,35.6,24.16
Orikum,36,AL,1547397283,100,40.33,19.47,48.7,7.07
Kodaikanal,68,IN,1547397284,90,10.24,77.49,59.09,1.7
Kot Addu,36,PK,1547395200,76,30.47,70.97,53.6,6.62
Christchurch,92,NZ,1547395200,87,-43.53,172.64,53.6,12.75
Progreso,90,UY,1547395200,69,-34.68,-56.22,77.0,5.82
Longyearbyen,75,NO,1547394600,78,78.22,15.63,15.8,17.22
Umm Lajj,76,SA,1547397291,95,25.02,37.27,68.86,11.65
Huarmey,0,PE,1547397293,61,-10.07,-78.15,78.26,5.28
Corlateni,0,RO,1547395200,74,47.93,26.55,30.2,9.17
Adrar,0,DZ,1547395200,26,27.87,-0.29,60.8,17.22
San Patricio,24,PY,1547397297,74,-26.98,-56.83,89.15,4.72
Taquari,8,BR,1547397298,75,-29.79,-51.87,90.28,2.71
Port-Gentil,40,GA,1547395200,79,-0.72,8.78,84.2,13.87
Half Moon Bay,40,US,1547396520,83,37.46,-122.43,48.92,5.82
Cabo San Lucas,5,MX,1547394420,53,22.89,-109.91,71.6,4.94
Port Elizabeth,90,US,1547395860,86,39.31,-74.98,33.8,10.29
Lagoa,0,PT,1547395200,44,37.14,-8.45,60.8,5.82
Kaitangata,8,NZ,1547397306,89,-46.28,169.85,49.78,12.44
Chicama,20,PE,1547395200,78,-7.84,-79.15,75.2,14.99
Namibe,0,AO,1547397271,100,-15.19,12.15,74.08,14.0
Podor,0,MR,1547391600,14,16.65,-14.96,93.2,2.24
Praia,75,BR,1547391600,51,-20.25,-43.81,84.2,6.93
Jodhpur,0,IN,1547397313,59,26.3,73.04,58.33,11.54
Paamiut,0,GL,1547397045,91,61.99,-49.67,32.54,14.23
Te Anau,76,NZ,1547397315,97,-45.41,167.72,44.83,1.92
Ballina,75,IE,1547395200,75,54.11,-9.15,48.2,17.22
Ouesso,32,CG,1547397318,93,1.61,16.05,75.7,2.26
Saint Anthony,90,US,1547394960,78,43.97,-111.68,10.04,5.82
Mapiri,88,BO,1547397321,97,-15.31,-68.22,58.55,3.15
Ossora,20,RU,1547397322,88,59.24,163.07,1.94,3.94
Xining,8,CN,1547397323,59,36.62,101.77,-1.26,2.04
Kjollefjord,90,NO,1547394600,92,70.95,27.35,26.6,6.93
Luderitz,0,NA,1547397326,80,-26.65,15.16,66.2,14.67
Makrana,0,IN,1547397327,57,27.04,74.73,56.39,8.86
Vung Tau,88,VN,1547397328,91,10.35,107.08,79.93,19.48
Tongren,92,CN,1547397330,99,27.72,109.18,37.58,3.38
Miri,8,NG,1547397331,25,10.31,9.75,77.63,8.19
Tashtyp,12,RU,1547397332,80,52.8,89.89,-5.44,2.48
Ust-Kuyga,44,RU,1547397334,0,70.0,135.55,-36.13,3.38
Waingapu,68,ID,1547397335,100,-9.65,120.26,73.18,3.6
Kurilsk,76,RU,1547397337,100,45.23,147.88,27.28,12.44
Nova Olinda do Norte,80,BR,1547397338,93,-3.89,-59.1,81.46,3.15
Araguaina,32,BR,1547397340,86,-7.19,-48.21,85.15,4.72
Puerto del Rosario,0,ES,1547395200,42,28.5,-13.86,68.0,3.36
Souillac,90,FR,1547395200,100,45.6,-0.6,50.0,13.87
Beloha,92,MG,1547397344,95,-25.17,45.06,73.22,3.38
Husavik,56,CA,1547397345,87,50.56,-96.99,17.38,7.74
Bubaque,0,GW,1547397346,80,11.28,-15.83,86.23,1.81
Nishihara,1,JP,1547395200,75,35.74,139.53,42.8,5.82
Bisignano,90,IT,1547394900,100,39.5,16.27,48.2,11.41
Klaksvik,64,FO,1547394600,100,62.23,-6.59,32.0,17.22
Fairbanks,1,US,1547395080,78,64.84,-147.72,-9.05,3.04
Cap Malheureux,20,MU,1547395200,65,-19.98,57.61,82.4,9.17
Cikampek,92,ID,1547397355,98,-6.42,107.46,70.48,3.38
Srednekolymsk,68,RU,1547397356,36,67.46,153.71,-23.98,5.39
Khovu-Aksy,0,RU,1547397357,27,51.13,93.72,-21.82,4.61
Benguela,20,AO,1547397359,100,-12.58,13.4,77.54,6.06
Bratsk,0,RU,1547395200,75,56.15,101.63,-18.41,2.24
Isla Mujeres,40,MX,1547394240,69,21.23,-86.73,80.6,8.05
Tigre,90,AR,1547395200,88,-34.42,-58.58,75.2,3.36
Rio Grande,40,BR,1547395200,79,-32.03,-52.1,86.0,11.41
Sidvokodvo,36,SZ,1547395200,70,-26.63,31.42,84.2,2.48
Krasnyy Oktyabr,88,RU,1547397367,89,56.12,38.88,22.1,12.1
Yerbogachen,12,RU,1547397368,34,61.28,108.01,-23.26,7.74
Roald,75,NO,1547394600,100,62.58,6.12,32.0,19.46
Aykhal,0,RU,1547397371,0,65.95,111.51,-48.37,2.59
Puerto Suarez,75,BO,1547395200,63,-18.96,-57.8,91.4,9.17
La Baule-Escoublac,90,FR,1547395200,81,47.28,-2.4,51.8,14.99
Auki,0,NG,1547397375,21,12.18,6.51,78.35,7.52
Barbosa Ferraz,0,BR,1547397376,77,-24.03,-52.01,88.25,4.72
Jiayuguan,20,CN,1547397377,69,39.77,98.29,-10.21,2.93
Pangody,64,RU,1547397379,78,65.85,74.49,6.8,15.9
Beberibe,20,BR,1547395200,74,-4.18,-38.13,84.2,8.05
Beavercreek,90,US,1547396580,90,39.71,-84.06,30.92,6.93
Lorengau,88,PG,1547397382,97,-2.02,147.27,83.98,17.13
Santo Domingo,40,DO,1547395200,74,18.48,-69.94,84.2,13.87
Lhokseumawe,8,ID,1547397386,100,5.18,97.15,81.05,4.5
Vestmannaeyjar,20,IS,1547392380,80,63.44,-20.27,30.2,13.87
Labuhan,92,ID,1547397389,97,-2.54,115.51,71.96,1.36
Cayeli,88,TR,1547397390,86,41.09,40.73,25.48,1.7
Ordynskoye,8,RU,1547397391,72,54.37,81.9,1.22,10.98
Aksarka,56,RU,1547397393,79,66.56,67.8,6.35,11.43
Lakewood,75,US,1547396460,87,33.85,-118.12,53.06,5.06
Mtambile,0,TZ,1547397396,94,-5.38,39.7,82.45,15.46
Bandarbeyla,0,SO,1547397397,100,9.49,50.81,76.51,16.35
Nuuk,20,GL,1547394600,78,64.17,-51.74,17.6,8.05
San Andres,48,PH,1547397400,100,13.32,122.68,78.8,16.46
Mareeba,75,AU,1547395320,88,-16.99,145.42,77.0,9.17
Natal,40,BR,1547395200,58,-5.81,-35.21,87.8,14.99
Shingu,0,JP,1547397404,100,33.72,135.99,46.94,9.08
Guozhen,88,CN,1547397405,100,29.3,113.14,41.81,3.83
Culebra,90,US,1547396100,100,34.68,-105.77,32.9,10.29
Ozu,0,JP,1547397408,100,33.51,132.54,31.06,3.38
Shelburne,1,CA,1547395200,66,44.08,-80.2,19.4,8.97
Alice Springs,88,AU,1547395200,20,-23.7,133.88,87.8,8.05
Okhotsk,0,RU,1547397412,100,59.36,143.24,-10.21,9.19
Poum,0,MK,1547397000,79,41.28,20.71,23.0,2.24
Malinovoye Ozero,0,RU,1547397415,50,51.68,79.77,1.63,8.41
Fortuna,0,ES,1547395200,33,38.18,-1.13,62.6,5.82
Chernyshevskiy,20,RU,1547397417,39,63.01,112.47,-25.83,6.62
Calabozo,0,VE,1547397419,35,8.92,-67.43,92.8,15.01
Henties Bay,64,NA,1547397420,92,-22.12,14.28,65.93,10.54
Comodoro Rivadavia,0,AR,1547395200,28,-45.87,-67.48,71.6,12.75
Paldiski,90,EE,1547396460,92,59.35,24.08,30.2,8.05
Lavrentiya,48,RU,1547397424,97,65.58,-170.99,-5.4,32.01
Valle del Guamuez,90,CO,1547395200,83,0.45,-76.92,77.0,2.24
Nantucket,1,US,1547394960,62,41.28,-70.1,28.04,9.17
Tura,0,IN,1547397428,77,25.52,90.21,50.27,2.71
Livingstone,0,ZW,1547391600,38,-17.85,25.86,87.8,11.41
Nanortalik,20,GL,1547397431,96,60.14,-45.24,28.0,11.99
Ponta Delgada,20,PT,1547395200,63,37.73,-25.67,62.6,12.75
Phan Thiet,24,VN,1547397434,90,10.93,108.1,75.83,15.23
Ilulissat,40,GL,1547394600,52,69.22,-51.1,-7.61,10.29
Malanje,75,AO,1547391600,83,-9.54,16.35,80.6,4.7
Amreli,0,IN,1547397437,52,21.6,71.21,64.85,10.65
Oloron-Sainte-Marie,90,FR,1547395200,100,43.19,-0.61,51.8,9.17
Vanavara,20,RU,1547397440,34,60.35,102.28,-23.13,5.84
Erenhot,24,CN,1547397442,60,43.65,111.97,2.66,6.51
Norden,75,DE,1547396700,81,53.59,7.21,48.2,17.22
Marzuq,0,YE,1547397444,83,14.4,46.47,49.51,2.37
Yovon,8,TJ,1547395200,43,38.32,69.05,35.6,8.95
Kinshasa,75,CD,1547395200,58,-4.32,15.31,87.8,4.7
Eyl,44,SO,1547397448,94,7.98,49.82,74.35,15.9
El Carmen,40,AR,1547395200,65,-24.39,-65.26,78.8,4.7
Khorixas,0,NA,1547397452,21,-20.37,14.96,79.21,9.08
Sisimiut,0,GL,1547397453,100,66.94,-53.67,-26.59,1.36
Thinadhoo,68,MV,1547397454,100,0.53,72.93,82.36,9.86
Nome,1,US,1547396100,58,30.04,-94.42,48.92,12.75
Renigunta,20,IN,1547395200,64,13.64,79.51,75.2,9.17
Damara,24,CF,1547395200,43,4.96,18.7,91.4,2.24
Donskoye,75,RU,1547395200,100,45.45,41.98,30.2,4.47
Paramonga,32,PE,1547397461,96,-10.68,-77.82,72.23,14.34
Luanda,20,AO,1547395200,78,-8.83,13.24,82.4,10.29
Liberia,20,CR,1547395200,48,10.63,-85.44,86.0,24.16
Zhaodong,75,CN,1547395200,92,46.07,125.99,10.4,2.24
Aberdeen,90,US,1547394780,95,45.47,-98.49,19.04,16.11
Mount Isa,0,AU,1547395200,19,-20.73,139.49,89.6,8.05
Seydi,0,NE,1547395200,8,13.34,7.75,84.2,11.41
Flin Flon,90,CA,1547395200,85,54.77,-101.88,15.8,4.7
Tuatapere,88,NZ,1547397472,100,-46.13,167.69,49.46,8.3
Mingyue,12,CN,1547397474,53,43.11,128.91,3.25,2.93
Paidha,0,UG,1547397475,55,2.42,30.99,70.34,4.38
Villarrubia de los Ojos,0,ES,1547397476,84,39.22,-3.61,37.58,4.72
Wukari,12,NG,1547397478,36,7.87,9.78,85.73,4.16
Seda,88,LV,1547397479,95,57.65,25.75,29.98,9.75
Viedma,20,AR,1547397480,36,-40.81,-62.99,79.16,15.68
Yar-Sale,56,RU,1547397482,83,66.83,70.83,7.52,16.24
Anloga,20,GH,1547395200,74,5.79,0.9,87.8,14.99
Puerto Escondido,5,MX,1547394300,69,15.86,-97.07,80.6,7.96
Bargi,20,IN,1547397486,96,22.99,79.88,57.11,3.04
Pangkalanbuun,92,ID,1547397487,99,-2.68,111.62,72.73,2.82
Touros,40,BR,1547395200,58,-5.2,-35.46,87.8,12.75
Alibag,0,IN,1547395200,60,18.64,72.88,75.2,5.82
Campos Altos,0,BR,1547397492,82,-19.7,-46.17,82.85,4.61
Sur,0,OM,1547397493,100,22.57,59.53,69.76,7.29
Champerico,40,MX,1547394120,60,16.38,-93.6,75.2,11.41
Pacific Grove,1,US,1547396100,85,36.62,-121.92,44.96,9.17
Eureka,1,US,1547394900,88,40.8,-124.16,44.06,9.17
Hovd,90,NO,1547396400,100,63.83,10.7,30.2,31.09
Sovetskaya Gavan,0,RU,1547397500,100,48.97,140.29,1.9,4.72
Lompoc,1,US,1547396100,89,34.64,-120.46,46.94,5.82
Lluta,20,PE,1547395200,34,-16.02,-72.01,68.0,8.05
Zhigansk,48,RU,1547397504,29,66.77,123.37,-19.71,5.17
Kavieng,68,PG,1547397505,100,-2.57,150.8,83.53,12.77
Bulungu,68,CD,1547397507,79,-4.54,18.6,75.43,4.16
Sioux Lookout,90,CA,1547395500,85,50.1,-91.92,24.8,9.17
Barraute,75,CA,1547395200,84,48.43,-77.63,1.4,5.82
Xacmaz,56,AZ,1547397511,100,41.46,48.81,30.02,4.38
Vilhena,75,BR,1547395200,69,-12.74,-60.15,80.6,11.41
Yumen,32,CN,1547397514,60,40.29,97.04,1.18,6.96
Leh,20,IN,1547397515,66,34.16,77.58,-14.89,1.7
Norman Wells,40,CA,1547395200,73,65.28,-126.83,-29.21,9.17
Lobito,8,AO,1547397518,66,-12.35,13.55,74.21,3.27
Kribi,12,CM,1547397519,81,2.94,9.91,80.38,5.5
Port Hardy,75,CA,1547395200,93,50.7,-127.42,41.0,4.7
Petropavlovsk-Kamchatskiy,24,RU,1547395200,77,53.05,158.65,5.0,8.95
Margate,0,AU,1547395200,82,-43.03,147.26,59.0,8.05
Raudeberg,90,NO,1547396400,100,61.99,5.14,32.0,27.51
Palmer,0,AU,1547395200,55,-34.85,139.16,64.4,6.96
Bulaevo,88,KZ,1547397527,89,54.91,70.44,23.9,15.68
Konza,75,KE,1547395200,49,-1.74,37.13,73.4,14.99
Namatanai,48,PG,1547397530,100,-3.66,152.44,78.53,9.53
Padang,75,ID,1547395200,94,-0.92,100.36,77.0,2.24
Esperance,40,TT,1547395200,48,10.24,-61.45,86.0,12.75
Ancud,0,CL,1547395200,63,-41.87,-73.83,60.8,6.93
Cayenne,75,GF,1547395200,58,4.94,-52.33,86.0,11.41
Abu Kamal,0,SY,1547397537,38,34.45,40.92,52.66,17.36
Arman,76,RU,1547397539,65,59.7,150.17,2.21,3.71
Puerto Baquerizo Moreno,90,EC,1547395200,94,-0.9,-89.6,75.2,9.17
Tamandare,68,BR,1547397542,84,-8.28,-70.75,82.85,2.59
Sabha,0,LY,1547397543,56,27.03,14.43,37.63,6.96
Naryan-Mar,88,RU,1547397544,85,67.67,53.09,14.95,15.23
Kharovsk,80,RU,1547397546,90,59.95,40.21,21.92,9.98
Kailua,90,US,1547395020,90,21.39,-157.74,71.96,1.59
Astana,0,KZ,1547395200,85,51.13,71.43,14.0,15.66
Constantine,75,DZ,1547395200,66,36.36,6.61,48.2,11.41
Olinda,75,EC,1547395200,74,-2.03,-79.75,80.6,3.36
Jaunjelgava,88,LV,1547397553,99,56.62,25.08,34.66,8.86
General Pico,68,AR,1547397554,87,-35.66,-63.75,78.44,8.97
Carutapera,48,BR,1547397556,84,-1.2,-46.02,82.85,8.86
Wattegama,36,LK,1547397557,94,7.35,80.68,68.99,3.38
Somerset East,0,ZA,1547397558,43,-32.72,25.59,74.08,13.78
Talcahuano,0,CL,1547395200,53,-36.72,-73.12,73.4,3.36
Zyryanka,64,RU,1547397561,35,65.73,150.89,-23.53,6.17
Woodward,90,US,1547396100,86,36.43,-99.39,30.92,3.36
Mao,40,DO,1547395200,78,19.55,-71.08,80.6,13.87
Suluq,92,LY,1547397565,54,31.67,20.25,54.01,11.32
Dinhata,36,IN,1547397566,86,26.13,89.46,54.14,1.81
Cusuna,92,HN,1547397567,81,15.85,-85.23,75.56,2.48
Breves,56,BR,1547397353,94,-1.68,-50.48,79.07,5.84
Mahibadhoo,76,MV,1547397570,100,3.78,72.97,81.59,16.24
Metro,80,ID,1547397571,100,-5.11,105.31,74.98,4.61
Barentu,0,ER,1547397573,49,15.11,37.59,64.67,3.04
Orcopampa,76,PE,1547397575,95,-15.27,-72.34,45.46,2.26
Honiara,56,SB,1547397576,100,-9.43,159.96,73.04,2.59
Sinnamary,88,GF,1547397577,94,5.38,-52.96,79.79,8.97
Katima Mulilo,56,NA,1547397579,90,-17.5,24.28,71.33,2.59
Samarai,92,PG,1547397580,100,-10.62,150.67,81.05,12.44
Otatitlan,68,MX,1547397582,80,18.2,-96.03,75.61,8.75
Aranos,0,NA,1547397583,13,-24.14,19.11,85.73,5.95
Saint-Michel-des-Saints,0,CA,1547397584,53,46.68,-73.92,7.07,3.38
Boddam,75,GB,1547396400,70,57.47,-1.78,44.6,20.8
Mugur-Aksy,0,RU,1547397587,43,50.38,90.44,-19.26,1.92
Nyurba,24,RU,1547397588,28,63.29,118.35,-19.03,3.94
Paracuru,20,BR,1547395200,74,-3.41,-39.03,84.2,8.05
Haines Junction,36,CA,1547397591,43,60.75,-137.51,-16.65,1.92
Troitskoye,0,RU,1547397592,57,52.98,84.68,-5.62,2.59
Les Cayes,8,HT,1547397594,100,18.19,-73.75,79.52,7.07
Tarauaca,68,BR,1547397595,84,-8.16,-70.77,82.85,2.59
Batemans Bay,100,AU,1547397597,100,-35.71,150.18,66.38,1.14
Isangel,68,VU,1547397598,100,-19.55,169.27,78.13,5.61
Mayo,75,CA,1547395200,76,63.59,-135.9,-11.21,2.24
Billings,20,US,1547394780,68,45.79,-108.5,26.06,18.34
Queimados,20,BR,1547395200,46,-22.72,-43.56,95.0,10.29
Fuerte Olimpo,0,BR,1547397604,65,-21.04,-57.87,92.93,10.87
Sao Carlos,40,BR,1547395200,46,-22.02,-47.89,89.6,9.17
Caravelas,36,BR,1547397606,100,-17.73,-39.27,79.3,9.08
Chegutu,44,ZW,1547397608,84,-18.13,30.15,74.39,2.71
Berlevag,75,NO,1547394600,92,70.86,29.09,26.6,3.36
Buraydah,75,SA,1547395200,56,26.33,43.97,69.8,6.93
Almaznyy,75,RU,1547395200,74,48.03,40.04,28.4,8.95
Dingle,24,PH,1547397613,78,11.0,122.67,76.28,14.23
Ust-Tsilma,80,RU,1547397614,75,65.44,52.15,16.34,7.29
Mazurivka,75,UA,1547395200,69,49.27,24.21,33.8,4.47
Pevek,0,RU,1547397617,93,69.7,170.27,-28.84,4.16
Aksha,0,RU,1547397618,44,50.28,113.29,-2.43,15.23
Ola,64,RU,1547397620,100,59.58,151.3,9.68,7.63
Tiarei,75,PF,1547395200,88,-17.53,-149.33,78.8,18.34
Yarmouth,75,GB,1547396400,81,50.71,-1.5,51.8,18.34
Sarakhs,0,TM,1547395200,30,36.54,61.16,53.6,18.34
Port Hedland,40,AU,1547395200,83,-20.31,118.58,84.2,13.87
Bilma,0,NE,1547397626,18,18.69,12.92,60.35,10.65
Vao,88,EE,1547397627,98,59.1,26.19,26.96,7.63
Camacha,40,PT,1547395200,68,33.08,-16.33,66.2,16.11
Jacareacanga,64,BR,1547397630,63,-6.22,-57.76,85.46,2.48
Coahuayana,0,MX,1547397632,41,18.62,-100.35,79.66,3.04
Fukue,20,JP,1547395200,61,35.03,136.69,46.4,19.46
Simao,8,CN,1547397634,86,22.76,100.79,46.13,1.92
Sibolga,92,ID,1547397636,100,1.74,98.78,67.01,1.14
Sharjah,0,AE,1547395200,49,25.36,55.39,73.4,6.93
Novoagansk,80,RU,1547397639,83,61.94,76.66,16.03,11.43
Rosetta,92,EG,1547397640,99,31.4,30.42,52.97,17.25
Siva,75,GR,1547396400,81,35.21,25.04,53.6,13.87
Tomari,8,RU,1547397643,90,47.76,142.06,9.95,6.51
Vostok,0,RU,1547397363,64,46.45,135.83,-9.13,2.48
Iralaya,40,HN,1547395200,88,15.0,-83.23,77.0,8.75
Lincoln,40,GB,1547396400,71,53.23,-0.54,50.0,20.8
Soyo,100,AO,1547397649,75,-6.13,12.37,80.33,6.73
Visavadar,0,IN,1547397650,54,21.34,70.75,64.67,9.19
Partizanskoye,20,UA,1547397651,82,44.83,34.08,25.16,2.59
Qazvin,75,IR,1547395200,69,36.28,50.01,33.8,9.17
Voyvozh,88,RU,1547397654,82,62.89,54.96,14.09,10.42
Avera,90,US,1547396100,97,33.19,-82.53,41.0,3.83
Rocha,100,UY,1547397656,84,-34.48,-54.34,74.35,8.86
Shushenskoye,0,RU,1547395200,75,53.33,91.95,-16.61,2.59
Hasaki,20,JP,1547395200,80,35.73,140.83,35.6,8.05
Konotop,88,UA,1547397661,90,51.24,33.21,25.03,13.67
Newton,75,US,1547397300,78,41.7,-93.05,30.02,5.82
Tianpeng,92,CN,1547397664,100,28.88,112.34,42.85,4.16
Svetlogorsk,75,RU,1547395200,86,53.14,59.15,26.6,15.66
Ilo,12,PE,1547397667,74,-17.65,-71.34,74.39,4.72
Porto Velho,90,BR,1547395200,88,-8.75,-63.87,75.2,6.93
Derzhavinsk,68,KZ,1547397669,84,51.1,66.31,21.65,12.21
Lodja,92,CD,1547397671,96,-3.52,23.6,69.17,1.59
Kelowna,90,CA,1547395200,80,49.89,-119.5,33.8,4.7
Thyboron,12,DK,1547397673,85,56.7,8.21,42.89,35.25
Pisco,20,PE,1547395200,30,-13.71,-76.2,71.6,8.05
Anadyr,0,RU,1547395200,75,64.73,177.51,-18.41,11.18
Mubi,12,NG,1547397677,27,10.27,13.26,76.82,5.61
Hualmay,20,PE,1547397679,72,-11.1,-77.61,76.06,7.07
The Pas,90,CA,1547395200,85,53.82,-101.24,12.2,5.82
Hsinchu,75,TW,1547395200,77,24.8,120.97,66.2,20.8
Varkkallai,20,IN,1547395200,70,8.73,76.71,84.2,3.36
Kamenka,76,RU,1547397684,86,53.19,44.05,16.07,7.74
Kosh-Agach,20,RU,1547397686,34,49.99,88.66,-14.31,3.27
Haapiti,75,PF,1547397000,88,-17.57,-149.87,78.8,11.41
Yulara,0,AU,1547395200,15,-25.24,130.99,91.4,8.05
Muros,20,ES,1547395200,81,42.77,-9.06,57.2,11.41
Lasa,75,CY,1547395200,87,34.92,32.53,55.4,2.24
Rawson,0,AR,1547397657,29,-43.3,-65.11,80.83,6.4
Repalle,20,IN,1547395200,83,16.02,80.83,71.6,5.95
Hamilton,75,BM,1547394900,63,32.3,-64.78,64.4,9.17
Candolim,0,IN,1547395200,69,15.52,73.76,78.8,5.82
Pathein,20,MM,1547397698,92,16.78,94.73,70.7,5.84
Grindavik,75,IS,1547397000,68,63.84,-22.43,30.2,3.36
Itarema,44,BR,1547397701,96,-2.92,-39.92,81.91,6.73
Shalya,76,RU,1547397702,69,57.25,58.73,22.15,10.09
Sechura,0,PE,1547397704,65,-5.56,-80.82,81.77,9.98
Dzhebariki-Khaya,0,RU,1547397705,0,62.22,135.8,-53.46,2.04
Salalah,75,OM,1547394600,61,17.01,54.1,77.0,6.93
Bacolod,80,PH,1547397708,87,10.68,122.95,75.47,10.76
Lekoni,44,GA,1547397709,86,-1.58,14.26,75.61,6.62
Port Moresby,20,PG,1547395200,94,-9.47,147.16,77.0,2.24
Tautira,75,PF,1547397000,88,-17.73,-149.15,78.8,11.41
Jega,0,NG,1547397713,27,12.22,4.38,82.4,5.84
Emerald,75,AU,1547395200,73,-23.53,148.16,77.0,11.41
Mata,40,CU,1547394600,57,22.63,-79.93,80.6,9.17
Aksu,0,KZ,1547395200,84,52.04,76.93,3.2,11.18
Itaituba,48,BR,1547397719,68,-4.26,-55.99,86.81,2.82
Chapais,90,CA,1547395200,76,49.78,-74.86,-4.01,5.82
Nancha,48,CN,1547397722,68,47.14,129.26,1.31,2.15
Lashio,0,MM,1547397723,86,22.93,97.75,50.45,1.7
Saquarema,0,BR,1547395200,62,-22.93,-42.51,87.8,18.34
Paysandu,100,UY,1547397726,100,-32.32,-58.08,70.61,7.07
Kralendijk,75,BQ,1547394900,62,12.15,-68.27,84.2,14.99
Aden,0,YE,1547397686,100,12.79,45.03,77.18,12.44
Alta Floresta,32,BR,1547397730,64,-9.87,-56.08,85.82,1.81
Coihaique,0,CL,1547395200,36,-45.58,-72.07,64.4,6.93
Kalanchak,24,UA,1547397733,79,46.26,33.28,28.76,7.29
Tucumcari,90,US,1547394780,88,35.17,-103.73,33.08,4.38
Ugoofaaru,80,MV,1547397736,100,5.67,73.0,82.22,13.33
Vardo,90,US,1547396760,84,39.62,-77.74,30.2,6.93
Nago,0,IT,1547396400,69,45.88,10.89,41.0,2.24
Gravdal,75,NO,1547396400,60,59.79,5.78,39.2,41.38
Townsville,75,AU,1547395200,74,-19.26,146.82,78.8,6.93
Ximei,75,TW,1547395200,77,23.74,120.51,62.6,14.99
Fougamou,92,GA,1547397744,100,-1.22,10.59,71.83,3.15
Colares,0,PT,1547395200,50,38.8,-9.45,57.2,6.93
Paso de los Toros,92,UY,1547397746,100,-32.81,-56.52,68.95,5.95
Urzhum,88,RU,1547397748,77,57.11,50.0,10.81,9.42
Mount Gambier,40,AU,1547395200,100,-37.83,140.78,55.4,3.36
